{
  "__type__": "cc.SpriteFrame",
  "content": {
    "name": "instruction-01",
    "atlas": "",
    "rect": {
      "x": 3,
      "y": 4,
      "width": 363,
      "height": 362
    },
    "offset": {
      "x": -0.5,
      "y": 0
    },
    "originalSize": {
      "width": 370,
      "height": 370
    },
    "rotated": false,
    "capInsets": [
      0,
      0,
      0,
      0
    ],
    "vertices": {
      "rawPosition": [
        -181.5,
        -181,
        0,
        181.5,
        -181,
        0,
        -181.5,
        181,
        0,
        181.5,
        181,
        0
      ],
      "indexes": [
        0,
        1,
        2,
        2,
        1,
        3
      ],
      "uv": [
        3,
        366,
        366,
        366,
        3,
        4,
        366,
        4
      ],
      "nuv": [
        0.008108108108108109,
        0.010810810810810811,
        0.9891891891891892,
        0.010810810810810811,
        0.008108108108108109,
        0.9891891891891892,
        0.9891891891891892,
        0.9891891891891892
      ],
      "minPos": {
        "x": -181.5,
        "y": -181,
        "z": 0
      },
      "maxPos": {
        "x": 181.5,
        "y": 181,
        "z": 0
      }
    },
    "texture": "d929b936-bb31-409d-9e35-80442652e51b@6c48a",
    "packable": true,
    "pixelsToUnit": 100,
    "pivot": {
      "x": 0.5,
      "y": 0.5
    },
    "meshType": 0
  }
}