{
  "__type__": "cc.SpriteFrame",
  "content": {
    "name": "btn-salir",
    "atlas": "",
    "rect": {
      "x": 0,
      "y": 0,
      "width": 329,
      "height": 121
    },
    "offset": {
      "x": 0,
      "y": 5
    },
    "originalSize": {
      "width": 329,
      "height": 131
    },
    "rotated": false,
    "capInsets": [
      0,
      0,
      0,
      0
    ],
    "vertices": {
      "rawPosition": [
        -164.5,
        -60.5,
        0,
        164.5,
        -60.5,
        0,
        -164.5,
        60.5,
        0,
        164.5,
        60.5,
        0
      ],
      "indexes": [
        0,
        1,
        2,
        2,
        1,
        3
      ],
      "uv": [
        0,
        131,
        329,
        131,
        0,
        10,
        329,
        10
      ],
      "nuv": [
        0,
        0.07633587786259542,
        1,
        0.07633587786259542,
        0,
        1,
        1,
        1
      ],
      "minPos": {
        "x": -164.5,
        "y": -60.5,
        "z": 0
      },
      "maxPos": {
        "x": 164.5,
        "y": 60.5,
        "z": 0
      }
    },
    "texture": "2dbdb038-ff18-4860-af39-11cce53b4c3c@6c48a",
    "packable": true,
    "pixelsToUnit": 100,
    "pivot": {
      "x": 0.5,
      "y": 0.5
    },
    "meshType": 0
  }
}